年,週番号,開始日,終了日,保健所,インフルエンザ,新型コロナウイルス感染症／COVID-19,急性呼吸器感染症／ARI,RSウイルス感染症,咽頭結膜熱,Ａ群溶血性レンサ球菌咽頭炎,感染性胃腸炎,水痘,手足口病,伝染性紅斑,突発性発しん,ヘルパンギーナ,流行性耳下腺炎,不明発しん症,川崎病,急性出血性結膜炎,流行性角結膜炎,細菌性髄膜炎*,無菌性髄膜炎,マイコプラズマ肺炎,クラミジア肺炎(オウム病は除く),感染性胃腸炎／ロタウイルス,インフルエンザ入院,COVID-19入院
2026,5,2026-01-26,2026-02-01,千代田,4.0,4.0,4.0,3.0,3.0,3.0,3.0,3.0,3.0,3.0,3.0,3.0,3.0,3.0,3.0,0.0,0.0,2.0,2.0,2.0,2.0,2.0,2.0,2.0
2026,5,2026-01-26,2026-02-01,中央区,5.0,5.0,5.0,3.0,3.0,3.0,3.0,3.0,3.0,3.0,3.0,3.0,3.0,3.0,3.0,1.0,1.0,0.0,0.0,0.0,0.0,0.0,0.0,0.0
2026,5,2026-01-26,2026-02-01,みなと,9.0,9.0,9.0,6.0,6.0,6.0,6.0,6.0,6.0,6.0,6.0,6.0,6.0,6.0,6.0,0.0,0.0,1.0,1.0,1.0,1.0,1.0,1.0,1.0
2026,5,2026-01-26,2026-02-01,新宿区,12.0,12.0,12.0,8.0,8.0,8.0,8.0,8.0,8.0,8.0,8.0,8.0,8.0,8.0,8.0,2.0,2.0,2.0,2.0,2.0,2.0,2.0,2.0,2.0
2026,5,2026-01-26,2026-02-01,文京,7.0,7.0,7.0,4.0,4.0,4.0,4.0,4.0,4.0,4.0,4.0,4.0,4.0,4.0,4.0,1.0,1.0,1.0,1.0,1.0,1.0,1.0,1.0,1.0
2026,5,2026-01-26,2026-02-01,台東,7.0,7.0,7.0,4.0,4.0,4.0,4.0,4.0,4.0,4.0,4.0,4.0,4.0,4.0,4.0,0.0,0.0,0.0,0.0,0.0,0.0,0.0,0.0,0.0
2026,5,2026-01-26,2026-02-01,墨田区,8.0,8.0,8.0,5.0,5.0,5.0,5.0,5.0,5.0,5.0,5.0,5.0,5.0,5.0,5.0,1.0,1.0,1.0,1.0,1.0,1.0,1.0,1.0,1.0
2026,5,2026-01-26,2026-02-01,江東区,14.0,14.0,14.0,9.0,9.0,9.0,9.0,9.0,9.0,9.0,9.0,9.0,9.0,9.0,9.0,1.0,1.0,0.0,0.0,0.0,0.0,0.0,0.0,0.0
2026,5,2026-01-26,2026-02-01,品川区,12.0,12.0,12.0,8.0,8.0,8.0,8.0,8.0,8.0,8.0,8.0,8.0,8.0,8.0,8.0,1.0,1.0,0.0,0.0,0.0,0.0,0.0,0.0,0.0
2026,5,2026-01-26,2026-02-01,目黒区,8.0,8.0,8.0,5.0,5.0,5.0,5.0,5.0,5.0,5.0,5.0,5.0,5.0,5.0,5.0,1.0,1.0,0.0,0.0,0.0,0.0,0.0,0.0,0.0
2026,5,2026-01-26,2026-02-01,大田区,21.0,21.0,21.0,13.0,13.0,13.0,13.0,13.0,13.0,13.0,13.0,13.0,13.0,13.0,13.0,2.0,2.0,1.0,1.0,1.0,1.0,1.0,1.0,1.0
2026,5,2026-01-26,2026-02-01,世田谷,25.0,25.0,25.0,16.0,16.0,16.0,16.0,16.0,16.0,16.0,16.0,16.0,16.0,16.0,16.0,2.0,2.0,2.0,2.0,2.0,2.0,2.0,2.0,2.0
2026,5,2026-01-26,2026-02-01,渋谷区,7.0,7.0,7.0,4.0,4.0,4.0,4.0,4.0,4.0,4.0,4.0,4.0,4.0,4.0,4.0,1.0,1.0,1.0,1.0,1.0,1.0,1.0,1.0,1.0
2026,5,2026-01-26,2026-02-01,中野区,10.0,10.0,10.0,6.0,6.0,6.0,6.0,6.0,6.0,6.0,6.0,6.0,6.0,6.0,6.0,1.0,1.0,0.0,0.0,0.0,0.0,0.0,0.0,0.0
2026,5,2026-01-26,2026-02-01,杉並,17.0,17.0,17.0,11.0,11.0,11.0,11.0,11.0,11.0,11.0,11.0,11.0,11.0,11.0,11.0,1.0,1.0,2.0,2.0,2.0,2.0,2.0,2.0,2.0
2026,5,2026-01-26,2026-02-01,池袋,8.0,8.0,8.0,5.0,5.0,5.0,5.0,5.0,5.0,5.0,5.0,5.0,5.0,5.0,5.0,1.0,1.0,1.0,1.0,1.0,1.0,1.0,1.0,1.0
2026,5,2026-01-26,2026-02-01,北区,11.0,11.0,11.0,7.0,7.0,7.0,7.0,7.0,7.0,7.0,7.0,7.0,7.0,7.0,7.0,1.0,1.0,0.0,0.0,0.0,0.0,0.0,0.0,0.0
2026,5,2026-01-26,2026-02-01,荒川区,7.0,7.0,7.0,4.0,4.0,4.0,4.0,4.0,4.0,4.0,4.0,4.0,4.0,4.0,4.0,1.0,1.0,0.0,0.0,0.0,0.0,0.0,0.0,0.0
2026,5,2026-01-26,2026-02-01,板橋区,16.0,16.0,16.0,10.0,10.0,10.0,10.0,10.0,10.0,10.0,10.0,10.0,10.0,10.0,10.0,2.0,2.0,1.0,1.0,1.0,1.0,1.0,1.0,1.0
2026,5,2026-01-26,2026-02-01,練馬区,21.0,21.0,21.0,13.0,13.0,13.0,13.0,13.0,13.0,13.0,13.0,13.0,13.0,13.0,13.0,2.0,2.0,0.0,0.0,0.0,0.0,0.0,0.0,0.0
2026,5,2026-01-26,2026-02-01,足立,20.0,20.0,20.0,13.0,13.0,13.0,13.0,13.0,13.0,13.0,13.0,13.0,13.0,13.0,13.0,2.0,2.0,0.0,0.0,0.0,0.0,0.0,0.0,0.0
2026,5,2026-01-26,2026-02-01,葛飾区,13.0,13.0,13.0,8.0,8.0,8.0,8.0,8.0,8.0,8.0,8.0,8.0,8.0,8.0,8.0,1.0,1.0,1.0,1.0,1.0,1.0,1.0,1.0,1.0
2026,5,2026-01-26,2026-02-01,江戸川,19.0,19.0,19.0,12.0,12.0,12.0,12.0,12.0,12.0,12.0,12.0,12.0,12.0,12.0,12.0,2.0,2.0,0.0,0.0,0.0,0.0,0.0,0.0,0.0
2026,5,2026-01-26,2026-02-01,八王子市,18.0,18.0,18.0,11.0,11.0,11.0,11.0,11.0,11.0,11.0,11.0,11.0,11.0,11.0,11.0,2.0,2.0,1.0,1.0,1.0,1.0,1.0,1.0,1.0
2026,5,2026-01-26,2026-02-01,町田市,13.0,13.0,13.0,8.0,8.0,8.0,8.0,8.0,8.0,8.0,8.0,8.0,8.0,8.0,8.0,1.0,1.0,0.0,0.0,0.0,0.0,0.0,0.0,0.0
2026,5,2026-01-26,2026-02-01,西多摩,14.0,14.0,14.0,8.0,8.0,8.0,8.0,8.0,8.0,8.0,8.0,8.0,8.0,8.0,8.0,1.0,1.0,1.0,1.0,1.0,1.0,1.0,1.0,1.0
2026,5,2026-01-26,2026-02-01,南多摩,14.0,14.0,14.0,9.0,9.0,9.0,9.0,9.0,9.0,9.0,9.0,9.0,9.0,9.0,9.0,1.0,1.0,0.0,0.0,0.0,0.0,0.0,0.0,0.0
2026,5,2026-01-26,2026-02-01,多摩立川,20.0,20.0,20.0,13.0,13.0,13.0,13.0,13.0,13.0,13.0,13.0,13.0,13.0,13.0,13.0,2.0,2.0,1.0,1.0,1.0,1.0,1.0,1.0,1.0
2026,5,2026-01-26,2026-02-01,多摩府中,33.0,33.0,33.0,21.0,21.0,21.0,21.0,21.0,21.0,21.0,21.0,21.0,21.0,21.0,21.0,3.0,3.0,3.0,3.0,3.0,3.0,3.0,3.0,3.0
2026,5,2026-01-26,2026-02-01,多摩小平,23.0,23.0,23.0,15.0,15.0,15.0,15.0,15.0,15.0,15.0,15.0,15.0,15.0,15.0,15.0,2.0,2.0,2.0,2.0,2.0,2.0,2.0,2.0,2.0
2026,5,2026-01-26,2026-02-01,島しょ,2.0,2.0,2.0,1.0,1.0,1.0,1.0,1.0,1.0,1.0,1.0,1.0,1.0,1.0,1.0,0.0,0.0,1.0,1.0,1.0,1.0,1.0,1.0,1.0
